url_path,views_total,views_unique
/Project-HAMi/HAMi-core,312,156
/Project-HAMi/HAMi-core/pulls,175,56
/Project-HAMi/HAMi-core/issues,131,47
/Project-HAMi/HAMi-core/tree/a26e57e0061efed98d32310a8a7986935dc9098e,78,46
/Project-HAMi/HAMi-core/pull/248,47,17
/Project-HAMi/HAMi-core/commits/main,44,11
/Project-HAMi/HAMi-core/pull/251,37,10
/Project-HAMi/HAMi-core/blob/main/README_CN.md,35,22
/Project-HAMi/HAMi-core/tree/main,27,18
/Project-HAMi/HAMi-core/tree/a26e57e0061efed98d32310a8a7986935dc9098e/src,26,16
